{
  "destinations": [
    {
      "name": "Brazil",
      "slug": "brazil",
      "image": "brazil.jpg",
      "id": 1,
      "description": "all about Brazil, suspendisse lobortis pharetra tempor. Cras eleifend ante sed arcu interdum, in bibendum enim ultricies. Integer rutrum quis risus at tempor. Maecenas facilisis, nisi vel pellentesque maximus, lectus felis malesuada purus, a pulvinar elit est quis turpis.",
      "experiences": [
        {
          "name": "Iguaçu Falls",
          "slug": "iguacu-falls",
          "image": "iguacu-falls.jpg",
          "description": "Suspendisse lobortis pharetra tempor. Cras eleifend ante sed arcu interdum, in bibendum enim ultricies. Integer rutrum quis risus at tempor. Maecenas facilisis, nisi vel pellentesque maximus, lectus felis malesuada purus, a pulvinar elit est quis turpis. Duis convallis purus quis finibus consequat. Pellentesque faucibus tincidunt augue non consequat.a at est sit amet blandit. "
        },
        {
          "name": "Pão de Açúcar",
          "slug": "pao-de-acucar",
          "image": "pao-de-acucar.jpg",
          "description": "Suspendisse lobortis pharetra tempor. Cras eleifend ante sed arcu interdum, in bibendum enim ultricies. Integer rutrum quis risus at tempor. Maecenas facilisis, nisi vel pellentesque maximus, lectus felis malesuada purus, a pulvinar elit est quis turpis. Duis convallis purus quis finibus consequat. Pellentesque faucibus tincidunt augue non consequat. "
        },
        {
          "name": "Sao Paulo",
          "slug": "sao-paulo",
          "image": "sao-paulo.jpg",
          "description": "Suspendisse lobortis pharetra tempor. Cras eleifend ante sed arcu interdum, in bibendum enim ultricies. Integer rutrum quis risus at tempor. Maecenas facilisis, nisi vel pellentesque maximus, lectus felis malesuada purus, a pulvinar elit est quis turpis. Duis convallis purus quis finibus consequat. Pellentesque faucibus tincidunt augue non consequat. Donec fringilla at est sit amet blandit. "
        },
        {
          "name": "Salvador",
          "slug": "salvador",
          "image": "salvador.jpg",
          "description": "Suspendisse lobortis pharetra tempor. Cras eleifend ante sed arcu interdum, in bibendum enim ultricies. Integer rutrum quis risus at tempor. Maecenas facilisis, nisi vel pellentesque maximus, lectus felis malesuada purus, a pulvinar elit est quis turpis. Duis convallis purus quis finibus consequat. Pellentesque faucibus tincidunt augue non consequat. "
        }
      ]
    },
    {
      "name": "Panama",
      "slug": "panama",
      "image": "panama.jpg",
      "id": 2,
      "description": "all about panama. Nam fermentum, leo ac lobortis tincidunt, justo felis semper nisi, sed facilisis quam ante a justo. Nam pulvinar nibh nec mi vestibulum cursus quis eget orci. Aenean faucibus faucibus ex, a imperdiet nibh luctus faucibus. ",
      "experiences": [
        {
          "name": "Panama City",
          "slug": "panama-city",
          "image": "panama-city.jpg",
          "description": "Suspendisse lobortis pharetra tempor. Cras eleifend ante sed arcu interdum, in bibendum enim ultricies. Integer rutrum quis risus at tempor. Maecenas facilisis, nisi vel pellentesque maximus, lectus felis malesuada purus, a pulvinar elit est quis turpis. Duis convallis purus quis finibus consequat. Pellentesque faucibus tincidunt augue non consequat. "
        },
        {
          "name": "Panama Canal",
          "slug": "panama-canal",
          "image": "panama-canal.jpg",
          "description": "Suspendisse lobortis pharetra tempor. Cras eleifend ante sed arcu interdum, in bibendum enim ultricies. Integer rutrum quis risus at tempor. Maecenas facilisis, nisi vel pellentesque maximus, lectus felis malesuada purus, a pulvinar elit est quis turpis. Duis convallis purus quis finibus consequat. Pellentesque faucibus tincidunt augue non consequat. Donec fringilla at est sit amet blandit. Nunc at porttitor ligula. Fusce sed odio turpis. "
        },
        {
          "name": "Bocas del Toro",
          "slug": "bocas-del-toro",
          "image": "bocas-del-toro.jpg",
          "description": "Suspendisse lobortis pharetra tempor. Cras eleifend ante sed arcu interdum, in bibendum enim ultricies. Integer rutrum quis risus at tempor. Maecenas facilisis, nisi vel pellentesque maximus, lectus felis malesuada purus, a pulvinar elit est quis turpis. Duis convallis purus quis finibus consequat. Pellentesque faucibus tincidunt augue non consequat. "
        },
        {
          "name": "Santa Catalina",
          "slug": "santa-catalina",
          "image": "santa-catalina.jpg",
          "description": "Suspendisse lobortis pharetra tempor. Cras eleifend ante sed arcu interdum, in bibendum enim ultricies. Integer rutrum quis risus at tempor. Maecenas facilisis, nisi vel pellentesque maximus, lectus felis malesuada purus, a pulvinar elit est quis turpis. Duis convallis purus quis finibus consequat. Pellentesque faucibus tincidunt augue non consequat. "
        }
      ]
    },
    {
      "name": "Hawaii",
      "slug": "hawaii",
      "image": "hawaii.jpg",
      "id": 3,
      "description": "all about hawaii. Etiam iaculis, ex in semper fringilla, lorem augue maximus lorem, in aliquet ex massa non enim. Maecenas pharetra orci eu semper pharetra. Suspendisse vel elit semper, fringilla metus ac, pulvinar justo. Vestibulum nibh lacus, pellentesque non arcu vel, efficitur eleifend lorem.",
      "experiences": [
        {
          "name": "Na Pali Coast",
          "slug": "na-pali-coast",
          "image": "na-pali-coast.jpg",
          "description": "Suspendisse lobortis pharetra tempor. Cras eleifend ante sed arcu interdum, in bibendum enim ultricies. Integer rutrum quis risus at tempor. Maecenas facilisis, nisi vel pellentesque maximus, lectus felis malesuada purus, a pulvinar elit est quis turpis. Duis convallis purus quis finibus consequat. Pellentesque faucibus tincidunt augue non consequat. "
        },
        {
          "name": "O'Ahu's North Shore",
          "slug": "ohaus-north-shore",
          "image": "ohaus-north-shore.jpg",
          "description": "Suspendisse lobortis pharetra tempor. Cras eleifend ante sed arcu interdum, in bibendum enim ultricies. Integer rutrum quis risus at tempor. Maecenas facilisis, nisi vel pellentesque maximus, lectus felis malesuada purus, a pulvinar elit est quis turpis. Duis convallis purus quis finibus consequat. Pellentesque faucibus tincidunt augue non consequat. "
        },
        {
          "name": "Waikiki Beach",
          "slug": "waikiki-beach",
          "image": "waikiki-beach.jpg",
          "description": "Suspendisse lobortis pharetra tempor. Cras eleifend ante sed arcu interdum, in bibendum enim ultricies. Integer rutrum quis risus at tempor. Maecenas facilisis, nisi vel pellentesque maximus, lectus felis malesuada purus, a pulvinar elit est quis turpis. "
        },
        {
          "name": "Kilauea Volcano",
          "slug": "kilauea-volcano",
          "image": "kilauea-volcano.jpg",
          "description": "Suspendisse lobortis pharetra tempor. Cras eleifend ante sed arcu interdum, in bibendum enim ultricies. Integer rutrum quis risus at tempor. Maecenas facilisis, nisi vel pellentesque maximus, lectus felis malesuada purus, a pulvinar elit est quis turpis. Duis convallis purus quis finibus consequat. Pellentesque faucibus tincidunt augue non consequat. "
        }
      ]
    },
    {
      "name": "Jamaica",
      "slug": "jamaica",
      "image": "jamaica.jpg",
      "id": 4,
      "description": "all about jamaica. Suspendisse lobortis pharetra tempor. Cras eleifend ante sed arcu interdum, in bibendum enim ultricies. Integer rutrum quis risus at tempor.",
      "experiences": [
        {
          "name": "Tower Isle",
          "slug": "tower-isle",
          "image": "tower-isle.jpg",
          "description": "Suspendisse lobortis pharetra tempor. Cras eleifend ante sed arcu interdum, in bibendum enim ultricies. Integer rutrum quis risus at tempor. Maecenas facilisis, nisi vel pellentesque maximus, lectus felis malesuada purus, a pulvinar elit est quis turpis. Duis convallis purus quis finibus consequat. Pellentesque faucibus tincidunt augue non consequat. Donec fringilla at est sit amet blandit. Nunc at porttitor ligula. Fusce sed odio turpis."
        },
        {
          "name": "Blue Mountain",
          "slug": "blue-mountain",
          "image": "blue-mountain.jpg",
          "description": "Integer rutrum quis risus at tempor. Maecenas facilisis, nisi vel pellentesque maximus, lectus felis malesuada purus, a pulvinar elit est quis turpis. Duis convallis purus quis finibus consequat. Pellentesque faucibus tincidunt augue non consequat."
        },
        {
          "name": "Montego Bay",
          "slug": "montego-bay",
          "image": "montego-bay.jpg",
          "description": "Suspendisse lobortis pharetra tempor. Cras eleifend ante sed arcu interdum, in bibendum enim ultricies. Integer rutrum quis risus at tempor. Maecenas facilisis, nisi vel pellentesque maximus, lectus felis malesuada purus, a pulvinar elit est quis turpis. Duis convallis purus quis finibus consequat. Pellentesque faucibus tincidunt augue non consequat. Donec fringilla at est sit amet blandit. Nunc at porttitor ligula. Fusce sed odio turpis. "
        },
        {
          "name": "Port Antonio",
          "slug": "port-antonio",
          "image": "port-antonio.jpg",
          "description": "Suspendisse lobortis pharetra tempor. Cras eleifend ante sed arcu interdum, in bibendum enim ultricies. Integer rutrum quis risus at tempor. Maecenas facilisis, nisi vel pellentesque maximus, lectus felis malesuada purus, a pulvinar elit est quis turpis. Duis convallis purus quis finibus consequat. Pellentesque faucibus tincidunt augue non consequat. "
        }
      ]
    }
  ]
}
